-- password in plaintext: "password"
INSERT INTO USER (user_id, password, email, username, name, last_name, active, address, credit_amount)
VALUES(1, '$2a$06$OAPObzhRdRXBCbk7Hj/ot.jY3zPwR8n7/mfLtKIgTzdJa4.6TwsIm', 'andika@wibawanto.com', 'andika', 'Andika', 'Wibawanto', 1, 'Batu Caves, Selangor', 10000);
-- password in plaintext: "password"
INSERT INTO USER (user_id, password, email, username, name, last_name, active, address, credit_amount)
VALUES (2, '$2a$06$OAPObzhRdRXBCbk7Hj/ot.jY3zPwR8n7/mfLtKIgTzdJa4.6TwsIm', 'someone@gmail.com', 'user', 'Some', 'One', 1, 'KL Sentral, KL', 10000);

INSERT INTO USER (user_id, password, email, username, name, last_name, active, address, credit_amount)
VALUES (3, '$2a$06$OAPObzhRdRXBCbk7Hj/ot.jY3zPwR8n7/mfLtKIgTzdJa4.6TwsIm', 'richguy@gmail.com', 'rich', 'Rich', 'Guy', 1, 'Mont Kiara, KL', 10000);

INSERT INTO USER (user_id, password, email, username, name, last_name, active, address, credit_amount)
VALUES (4, '$2a$06$OAPObzhRdRXBCbk7Hj/ot.jY3zPwR8n7/mfLtKIgTzdJa4.6TwsIm', 'poorguy@gmail.com', 'poor', 'Poor', 'Guy', 1, 'Slum, KL', 100);

INSERT INTO ROLE (role_id, role)
VALUES (1, 'ROLE_ADMIN');
INSERT INTO ROLE (role_id, role)
VALUES (2, 'ROLE_USER');

INSERT INTO USER_ROLE (user_id, role_id) VALUES (1, 1);
INSERT INTO USER_ROLE (user_id, role_id) VALUES (1, 2);
INSERT INTO USER_ROLE (user_id, role_id) VALUES (2, 2);
INSERT INTO USER_ROLE (user_id, role_id) VALUES (3, 2);
INSERT INTO USER_ROLE (user_id, role_id) VALUES (4, 2);

-- Insert Product
INSERT INTO PRODUCT (name, quantity, price) VALUES ('The Lord of the Rings, JRR Tolkien', 10, 10);
INSERT INTO PRODUCT (name, quantity, price) VALUES ('Pride and Prejudice, Jane Austen', 10, 12);
INSERT INTO PRODUCT (name, quantity, price) VALUES ('His Dark Materials, Philip Pullman', 10, 13);
INSERT INTO PRODUCT (name, quantity, price) VALUES ('The Hitchhikers Guide to the Galaxy, Douglas Adams', 10, 14);
INSERT INTO PRODUCT (name, quantity, price) VALUES ('Harry Potter and the Goblet of Fire, JK Rowling', 10, 15);
INSERT INTO PRODUCT (name, quantity, price) VALUES ('To Kill a Mockingbird, Harper Lee', 10, 16);
INSERT INTO PRODUCT (name, quantity, price) VALUES ('Winnie the Pooh, AA Milne', 10, 17);
INSERT INTO PRODUCT (name, quantity, price) VALUES ('Nineteen Eighty-Four, George Orwell', 10, 18);
INSERT INTO PRODUCT (name, quantity, price) VALUES ('The Lion, the Witch and the Wardrobe, CS Lewis', 10, 10);
INSERT INTO PRODUCT (name, quantity, price) VALUES ('Jane Eyre, Charlotte Brontë', 10, 100);
INSERT INTO PRODUCT (name, quantity, price) VALUES ('Catch-22, Joseph Heller', 10, 112);
INSERT INTO PRODUCT (name, quantity, price) VALUES ('Wuthering Heights, Emily Brontë', 10, 23);
INSERT INTO PRODUCT (name, quantity, price) VALUES ('Birdsong, Sebastian Faulks', 10, 10);
INSERT INTO PRODUCT (name, quantity, price) VALUES ('Rebecca, Daphne du Maurier', 10, 10);
INSERT INTO PRODUCT (name, quantity, price) VALUES ('The Catcher in the Rye, JD Salinger', 10, 10);
INSERT INTO PRODUCT (name, quantity, price) VALUES ('The Wind in the Willows, Kenneth Grahame', 10, 10);
INSERT INTO PRODUCT (name, quantity, price) VALUES ('Great Expectations, Charles Dickens', 10, 10);
INSERT INTO PRODUCT (name, quantity, price) VALUES ('Little Women, Louisa May Alcott', 10, 6);
INSERT INTO PRODUCT (name, quantity, price) VALUES ('Captain Corellis Mandolin, Louis de Bernieres', 10, 10);
INSERT INTO PRODUCT (name, quantity, price) VALUES ('War and Peace, Leo Tolstoy', 10, 10);
INSERT INTO PRODUCT (name, quantity, price) VALUES ('Gone with the Wind, Margaret Mitchell', 10, 10);
INSERT INTO PRODUCT (name, quantity, price) VALUES ('Harry Potter And The Philosophers Stone, JK Rowling', 10, 10);
INSERT INTO PRODUCT (name, quantity, price) VALUES ('Harry Potter And The Chamber Of Secrets, JK Rowling', 10, 10);
INSERT INTO PRODUCT (name, quantity, price) VALUES ('Harry Potter And The Prisoner Of Azkaban, JK Rowling', 10, 10);
INSERT INTO PRODUCT (name, quantity, price) VALUES ('The Hobbit, JRR Tolkien', 10, 10);
INSERT INTO PRODUCT (name, quantity, price) VALUES ('Tess Of The DUrbervilles, Thomas Hardy', 10, 10);
INSERT INTO PRODUCT (name, quantity, price) VALUES ('Middlemarch, George Eliot', 10, 10);
INSERT INTO PRODUCT (name, quantity, price) VALUES ('A Prayer For Owen Meany, John Irving', 10, 10);
INSERT INTO PRODUCT (name, quantity, price) VALUES ('The Grapes Of Wrath, John Steinbeck', 10, 10);
INSERT INTO PRODUCT (name, quantity, price) VALUES ('Alices Adventures In Wonderland, Lewis Carroll', 10, 10);
INSERT INTO PRODUCT (name, quantity, price) VALUES ('The Story Of Tracy Beaker, Jacqueline Wilson', 10, 10);
INSERT INTO PRODUCT (name, quantity, price) VALUES ('One Hundred Years Of Solitude, Gabriel García Márquez', 10, 10);
INSERT INTO PRODUCT (name, quantity, price) VALUES ('The Pillars Of The Earth, Ken Follett', 10, 10);
INSERT INTO PRODUCT (name, quantity, price) VALUES ('David Copperfield, Charles Dickens', 10, 2);
INSERT INTO PRODUCT (name, quantity, price) VALUES ('Charlie And The Chocolate Factory, Roald Dahl', 10, 10);
INSERT INTO PRODUCT (name, quantity, price) VALUES ('Treasure Island, Robert Louis Stevenson', 10, 10);
INSERT INTO PRODUCT (name, quantity, price) VALUES ('A Town Like Alice, Nevil Shute', 10, 10);
INSERT INTO PRODUCT (name, quantity, price) VALUES ('Persuasion, Jane Austen', 10, 10);
INSERT INTO PRODUCT (name, quantity, price) VALUES ('Dune, Frank Herbert', 10, 10);
INSERT INTO PRODUCT (name, quantity, price) VALUES ('Emma, Jane Austen', 10, 10);
INSERT INTO PRODUCT (name, quantity, price) VALUES ('Anne Of Green Gables, LM Montgomery', 10, 14);
INSERT INTO PRODUCT (name, quantity, price) VALUES ('Watership Down, Richard Adams', 10, 17);
INSERT INTO PRODUCT (name, quantity, price) VALUES ('The Great Gatsby, F Scott Fitzgerald', 10, 1);
INSERT INTO PRODUCT (name, quantity, price) VALUES ('The Count Of Monte Cristo, Alexandre Dumas', 10, 88);
INSERT INTO PRODUCT (name, quantity, price) VALUES ('Brideshead Revisited, Evelyn Waugh', 10, 77);
INSERT INTO PRODUCT (name, quantity, price) VALUES ('Animal Farm, George Orwell', 10, 66);
INSERT INTO PRODUCT (name, quantity, price) VALUES ('A Christmas Carol, Charles Dickens', 10, 10);
INSERT INTO PRODUCT (name, quantity, price) VALUES ('Far From The Madding Crowd, Thomas Hardy', 10, 55);
INSERT INTO PRODUCT (name, quantity, price) VALUES ('Goodnight Mister Tom, Michelle Magorian', 10, 10);
INSERT INTO PRODUCT (name, quantity, price) VALUES ('The Shell Seekers, Rosamunde Pilcher', 10, 41);
INSERT INTO PRODUCT (name, quantity, price) VALUES ('The Secret Garden, Frances Hodgson Burnett', 10, 31);
INSERT INTO PRODUCT (name, quantity, price) VALUES ('Of Mice And Men, John Steinbeck', 10, 21);
INSERT INTO PRODUCT (name, quantity, price) VALUES ('The Stand, Stephen King', 10, 24);
INSERT INTO PRODUCT (name, quantity, price) VALUES ('Anna Karenina, Leo Tolstoy', 10, 53);
INSERT INTO PRODUCT (name, quantity, price) VALUES ('A Suitable Boy, Vikram Seth', 10, 65);
INSERT INTO PRODUCT (name, quantity, price) VALUES ('The BFG, Roald Dahl', 10, 10);
INSERT INTO PRODUCT (name, quantity, price) VALUES ('Swallows And Amazons, Arthur Ransome', 10, 10);
INSERT INTO PRODUCT (name, quantity, price) VALUES ('Black Beauty, Anna Sewell', 10, 10);
INSERT INTO PRODUCT (name, quantity, price) VALUES ('Artemis Fowl, Eoin Colfer', 10, 10);
INSERT INTO PRODUCT (name, quantity, price) VALUES ('Crime And Punishment, Fyodor Dostoyevsky', 10, 10);
INSERT INTO PRODUCT (name, quantity, price) VALUES ('Noughts And Crosses, Malorie Blackman', 10, 10);
INSERT INTO PRODUCT (name, quantity, price) VALUES ('Memoirs Of A Geisha, Arthur Golden', 10, 10);
INSERT INTO PRODUCT (name, quantity, price) VALUES ('A Tale Of Two Cities, Charles Dickens', 10, 10);
INSERT INTO PRODUCT (name, quantity, price) VALUES ('The Thorn Birds, Colleen McCollough', 10, 10);
INSERT INTO PRODUCT (name, quantity, price) VALUES ('Mort, Terry Pratchett', 10, 10);
INSERT INTO PRODUCT (name, quantity, price) VALUES ('The Magic Faraway Tree, Enid Blyton', 10, 10);
INSERT INTO PRODUCT (name, quantity, price) VALUES ('The Magus, John Fowles', 10, 10);
INSERT INTO PRODUCT (name, quantity, price) VALUES ('Good Omens, Terry Pratchett and Neil Gaiman', 10, 10);
INSERT INTO PRODUCT (name, quantity, price) VALUES ('Guards! Guards!, Terry Pratchett', 10, 10);
INSERT INTO PRODUCT (name, quantity, price) VALUES ('Lord Of The Flies, William Golding', 10, 10);
INSERT INTO PRODUCT (name, quantity, price) VALUES ('Perfume, Patrick Süskind', 10, 10);
INSERT INTO PRODUCT (name, quantity, price) VALUES ('The Ragged Trousered Philanthropists, Robert Tressell', 10, 10);
INSERT INTO PRODUCT (name, quantity, price) VALUES ('Night Watch, Terry Pratchett', 10, 12);
INSERT INTO PRODUCT (name, quantity, price) VALUES ('Matilda, Roald Dahl', 10, 10);
INSERT INTO PRODUCT (name, quantity, price) VALUES ('Bridget Joness Diary, Helen Fielding', 10, 10);
INSERT INTO PRODUCT (name, quantity, price) VALUES ('The Secret History, Donna Tartt', 10, 10);
INSERT INTO PRODUCT (name, quantity, price) VALUES ('The Woman In White, Wilkie Collins', 10, 10);
INSERT INTO PRODUCT (name, quantity, price) VALUES ('Ulysses, James Joyce', 10, 10);
INSERT INTO PRODUCT (name, quantity, price) VALUES ('Bleak House, Charles Dickens', 10, 10);
INSERT INTO PRODUCT (name, quantity, price) VALUES ('Double Act, Jacqueline Wilson', 10, 10);
INSERT INTO PRODUCT (name, quantity, price) VALUES ('The Twits, Roald Dahl', 10, 10);
INSERT INTO PRODUCT (name, quantity, price) VALUES ('I Capture The Castle, Dodie Smith', 10, 10);
INSERT INTO PRODUCT (name, quantity, price) VALUES ('Holes, Louis Sachar', 10, 10);
INSERT INTO PRODUCT (name, quantity, price) VALUES ('Gormenghast, Mervyn Peake', 10, 10);
INSERT INTO PRODUCT (name, quantity, price) VALUES ('The God Of Small Things, Arundhati Roy', 10, 10);
INSERT INTO PRODUCT (name, quantity, price) VALUES ('Vicky Angel, Jacqueline Wilson', 10, 10);
INSERT INTO PRODUCT (name, quantity, price) VALUES ('Brave New World, Aldous Huxley', 10, 10);
INSERT INTO PRODUCT (name, quantity, price) VALUES ('Cold Comfort Farm, Stella Gibbons', 10, 10);
INSERT INTO PRODUCT (name, quantity, price) VALUES ('Magician, Raymond E Feist', 10, 10);
INSERT INTO PRODUCT (name, quantity, price) VALUES ('On The Road, Jack Kerouac', 10, 10);
INSERT INTO PRODUCT (name, quantity, price) VALUES ('The Godfather, Mario Puzo', 10, 10);
INSERT INTO PRODUCT (name, quantity, price) VALUES ('The Clan Of The Cave Bear, Jean M Auel', 10, 10);
INSERT INTO PRODUCT (name, quantity, price) VALUES ('The Colour Of Magic, Terry Pratchett', 10, 10);
INSERT INTO PRODUCT (name, quantity, price) VALUES ('The Alchemist, Paulo Coelho', 10, 10);
INSERT INTO PRODUCT (name, quantity, price) VALUES ('Katherine, Anya Seton', 10, 10);
INSERT INTO PRODUCT (name, quantity, price) VALUES ('Kane And Abel, Jeffrey Archer', 10, 10);
INSERT INTO PRODUCT (name, quantity, price) VALUES ('Love In The Time Of Cholera, Gabriel García Márquez', 10, 10);
INSERT INTO PRODUCT (name, quantity, price) VALUES ('Girls In Love, Jacqueline Wilson', 10, 10);
INSERT INTO PRODUCT (name, quantity, price) VALUES ('The Princess Diaries, Meg Cabot', 10, 10);
INSERT INTO PRODUCT (name, quantity, price) VALUES ('Midnights Children, Salman Rushdie ', 10, 10);
INSERT INTO PRODUCT (name, quantity, price) VALUES ('Three Men In A Boat, Jerome K. Jerome', 10, 10);
INSERT INTO PRODUCT (name, quantity, price) VALUES ('Small Gods, Terry Pratchett', 10, 10);
INSERT INTO PRODUCT (name, quantity, price) VALUES ('The Beach, Alex Garland', 10, 10);
INSERT INTO PRODUCT (name, quantity, price) VALUES ('Dracula, Bram Stoker', 10, 10);
INSERT INTO PRODUCT (name, quantity, price) VALUES ('Point Blanc, Anthony Horowitz', 10, 10);
INSERT INTO PRODUCT (name, quantity, price) VALUES ('The Pickwick Papers, Charles Dickens', 10, 10);
INSERT INTO PRODUCT (name, quantity, price) VALUES ('Stormbreaker, Anthony Horowitz', 10, 10);
INSERT INTO PRODUCT (name, quantity, price) VALUES ('The Wasp Factory, Iain Banks', 10, 10);
INSERT INTO PRODUCT (name, quantity, price) VALUES ('The Day Of The Jackal, Frederick Forsyth', 10, 10);
INSERT INTO PRODUCT (name, quantity, price) VALUES ('The Illustrated Mum, Jacqueline Wilson', 10, 10);
INSERT INTO PRODUCT (name, quantity, price) VALUES ('Jude The Obscure, Thomas Hardy', 10, 10);
INSERT INTO PRODUCT (name, quantity, price) VALUES ('The Secret Diary Of Adrian Mole Aged 13¾, Sue Townsend', 10, 10);
INSERT INTO PRODUCT (name, quantity, price) VALUES ('The Cruel Sea, Nicholas Monsarrat', 10, 10);
INSERT INTO PRODUCT (name, quantity, price) VALUES ('Les Misérables, Victor Hugo', 10, 10);
INSERT INTO PRODUCT (name, quantity, price) VALUES ('The Mayor Of Casterbridge, Thomas Hardy', 10, 10);
INSERT INTO PRODUCT (name, quantity, price) VALUES ('The Dare Game, Jacqueline Wilson', 10, 10);
INSERT INTO PRODUCT (name, quantity, price) VALUES ('Bad Girls, Jacqueline Wilson', 10, 10);
INSERT INTO PRODUCT (name, quantity, price) VALUES ('The Picture Of Dorian Gray, Oscar Wilde', 10, 10);
INSERT INTO PRODUCT (name, quantity, price) VALUES ('Shogun, James Clavell', 10, 10);
INSERT INTO PRODUCT (name, quantity, price) VALUES ('The Day Of The Triffids, John Wyndham', 10, 10);
INSERT INTO PRODUCT (name, quantity, price) VALUES ('Lola Rose, Jacqueline Wilson', 10, 10);
INSERT INTO PRODUCT (name, quantity, price) VALUES ('Vanity Fair, William Makepeace Thackeray', 10, 10);
INSERT INTO PRODUCT (name, quantity, price) VALUES ('The Forsyte Saga, John Galsworthy', 10, 10);
INSERT INTO PRODUCT (name, quantity, price) VALUES ('House Of Leaves, Mark Z. Danielewski', 10, 10);
INSERT INTO PRODUCT (name, quantity, price) VALUES ('The Poisonwood Bible, Barbara Kingsolver', 10, 10);
INSERT INTO PRODUCT (name, quantity, price) VALUES ('Reaper Man, Terry Pratchett', 10, 10);
INSERT INTO PRODUCT (name, quantity, price) VALUES ('Angus, Thongs And Full-Frontal Snogging, Louise Rennison', 10, 10);
INSERT INTO PRODUCT (name, quantity, price) VALUES ('The Hound Of The Baskervilles, Arthur Conan Doyle', 10, 10);
INSERT INTO PRODUCT (name, quantity, price) VALUES ('Possession, A. S. Byatt', 10, 10);
INSERT INTO PRODUCT (name, quantity, price) VALUES ('The Master And Margarita, Mikhail Bulgakov', 10, 10);
INSERT INTO PRODUCT (name, quantity, price) VALUES ('The Handmaids Tale, Margaret Atwood', 10, 10);
INSERT INTO PRODUCT (name, quantity, price) VALUES ('Danny The Champion Of The World, Roald Dahl', 10, 10);
INSERT INTO PRODUCT (name, quantity, price) VALUES ('East Of Eden, John Steinbeck', 10, 10);
INSERT INTO PRODUCT (name, quantity, price) VALUES ('Georges Marvellous Medicine, Roald Dahl', 10, 10);
INSERT INTO PRODUCT (name, quantity, price) VALUES ('Wyrd Sisters, Terry Pratchett', 10, 10);
INSERT INTO PRODUCT (name, quantity, price) VALUES ('The Color Purple, Alice Walker', 10, 10);
INSERT INTO PRODUCT (name, quantity, price) VALUES ('Hogfather, Terry Pratchett', 10, 10);
INSERT INTO PRODUCT (name, quantity, price) VALUES ('The Thirty-Nine Steps, John Buchan', 10, 10);
INSERT INTO PRODUCT (name, quantity, price) VALUES ('Girls In Tears, Jacqueline Wilson', 10, 10);
INSERT INTO PRODUCT (name, quantity, price) VALUES ('Sleepovers, Jacqueline Wilson', 10, 10);
INSERT INTO PRODUCT (name, quantity, price) VALUES ('All Quiet On The Western Front, Erich Maria Remarque', 10, 10);
INSERT INTO PRODUCT (name, quantity, price) VALUES ('Behind The Scenes At The Museum, Kate Atkinson', 10, 10);
INSERT INTO PRODUCT (name, quantity, price) VALUES ('High Fidelity, Nick Hornby', 10, 10);
INSERT INTO PRODUCT (name, quantity, price) VALUES ('It, Stephen King', 10, 10);
INSERT INTO PRODUCT (name, quantity, price) VALUES ('James And The Giant Peach, Roald Dahl', 10, 10);
INSERT INTO PRODUCT (name, quantity, price) VALUES ('The Green Mile, Stephen King', 10, 10);
INSERT INTO PRODUCT (name, quantity, price) VALUES ('Papillon, Henri Charriere', 10, 10);
INSERT INTO PRODUCT (name, quantity, price) VALUES ('Men At Arms, Terry Pratchett', 10, 10);
INSERT INTO PRODUCT (name, quantity, price) VALUES ('Master And Commander, Patrick OBrian', 10, 10);
INSERT INTO PRODUCT (name, quantity, price) VALUES ('Skeleton Key, Anthony Horowitz', 10, 10);
INSERT INTO PRODUCT (name, quantity, price) VALUES ('Soul Music, Terry Pratchett', 10, 10);
INSERT INTO PRODUCT (name, quantity, price) VALUES ('Thief Of Time, Terry Pratchett', 10, 10);
INSERT INTO PRODUCT (name, quantity, price) VALUES ('The Fifth Elephant, Terry Pratchett', 10, 10);
INSERT INTO PRODUCT (name, quantity, price) VALUES ('Atonement, Ian McEwan', 10, 10);
INSERT INTO PRODUCT (name, quantity, price) VALUES ('Secrets, Jacqueline Wilson', 10, 10);
INSERT INTO PRODUCT (name, quantity, price) VALUES ('The Silver Sword, Ian Serraillier', 10, 10);
INSERT INTO PRODUCT (name, quantity, price) VALUES ('One Flew Over The Cuckoos Nest, Ken Kesey', 10, 10);
INSERT INTO PRODUCT (name, quantity, price) VALUES ('Heart Of Darkness, Joseph Conrad', 10, 10);
INSERT INTO PRODUCT (name, quantity, price) VALUES ('Kim, Rudyard Kipling', 10, 10);
INSERT INTO PRODUCT (name, quantity, price) VALUES ('Cross Stitch, Diana Gabaldon', 10, 10);
INSERT INTO PRODUCT (name, quantity, price) VALUES ('Moby Dick, Herman Melville', 10, 10);
INSERT INTO PRODUCT (name, quantity, price) VALUES ('River God, Wilbur Smith', 10, 10);
INSERT INTO PRODUCT (name, quantity, price) VALUES ('Sunset Song, Lewis Grassic Gibbon', 10, 10);
INSERT INTO PRODUCT (name, quantity, price) VALUES ('The Shipping News, Annie Proulx', 10, 10);
INSERT INTO PRODUCT (name, quantity, price) VALUES ('The World According To Garp, John Irving', 10, 10);
INSERT INTO PRODUCT (name, quantity, price) VALUES ('Lorna Doone, R. D. Blackmore', 10, 10);
INSERT INTO PRODUCT (name, quantity, price) VALUES ('Girls Out Late, Jacqueline Wilson', 10, 10);
INSERT INTO PRODUCT (name, quantity, price) VALUES ('The Far Pavilions, M. M. Kaye', 10, 10);
INSERT INTO PRODUCT (name, quantity, price) VALUES ('The Witches, Roald Dahl', 10, 10);
INSERT INTO PRODUCT (name, quantity, price) VALUES ('Charlottes Web, E. B. White', 10, 10);
INSERT INTO PRODUCT (name, quantity, price) VALUES ('Frankenstein, Mary Shelley', 10, 10);
INSERT INTO PRODUCT (name, quantity, price) VALUES ('They Used To Play On Grass, Terry Venables and Gordon Williams', 10, 10);
INSERT INTO PRODUCT (name, quantity, price) VALUES ('The Old Man And The Sea, Ernest Hemingway', 10, 10);
INSERT INTO PRODUCT (name, quantity, price) VALUES ('The Name Of The Rose, Umberto Eco', 10, 10);
INSERT INTO PRODUCT (name, quantity, price) VALUES ('Sophies World, Jostein Gaarder', 10, 10);
INSERT INTO PRODUCT (name, quantity, price) VALUES ('Dustbin Baby, Jacqueline Wilson', 10, 10);
INSERT INTO PRODUCT (name, quantity, price) VALUES ('Fantastic Mr Fox, Roald Dahl', 10, 10);
INSERT INTO PRODUCT (name, quantity, price) VALUES ('Lolita, Vladimir Nabokov', 10, 10);
INSERT INTO PRODUCT (name, quantity, price) VALUES ('Jonathan Livingstone Seagull, Richard Bach', 10, 10);
INSERT INTO PRODUCT (name, quantity, price) VALUES ('The Little Prince, Antoine De Saint-Exupery', 10, 10);
INSERT INTO PRODUCT (name, quantity, price) VALUES ('The Suitcase Kid, Jacqueline Wilson', 10, 10);
INSERT INTO PRODUCT (name, quantity, price) VALUES ('Oliver Twist, Charles Dickens', 10, 10);
INSERT INTO PRODUCT (name, quantity, price) VALUES ('The Power Of One, Bryce Courtenay', 10, 10);
INSERT INTO PRODUCT (name, quantity, price) VALUES ('Silas Marner, George Eliot', 10, 10);
INSERT INTO PRODUCT (name, quantity, price) VALUES ('American Psycho, Bret Easton Ellis', 10, 10);
INSERT INTO PRODUCT (name, quantity, price) VALUES ('The Diary Of A Nobody, George and Weedon Grossmith', 10, 10);
INSERT INTO PRODUCT (name, quantity, price) VALUES ('Trainspotting, Irvine Welsh', 10, 10);
INSERT INTO PRODUCT (name, quantity, price) VALUES ('Goosebumps, R. L. Stine', 10, 10);
INSERT INTO PRODUCT (name, quantity, price) VALUES ('Heidi, Johanna Spyri', 10, 10);
INSERT INTO PRODUCT (name, quantity, price) VALUES ('Sons And Lovers, D. H. LawrenceLife of Lawrence', 10, 10);
INSERT INTO PRODUCT (name, quantity, price) VALUES ('The Unbearable Lightness of Being, Milan Kundera', 10, 10);
INSERT INTO PRODUCT (name, quantity, price) VALUES ('Man And Boy, Tony Parsons', 10, 10);
INSERT INTO PRODUCT (name, quantity, price) VALUES ('The Truth, Terry Pratchett', 10, 10);
INSERT INTO PRODUCT (name, quantity, price) VALUES ('The War Of The Worlds, H. G. Wells', 10, 10);
INSERT INTO PRODUCT (name, quantity, price) VALUES ('The Horse Whisperer, Nicholas Evans', 10, 10);
INSERT INTO PRODUCT (name, quantity, price) VALUES ('A Fine Balance, Rohinton Mistry', 10, 10);
INSERT INTO PRODUCT (name, quantity, price) VALUES ('Witches Abroad, Terry Pratchett', 10, 10);
INSERT INTO PRODUCT (name, quantity, price) VALUES ('The Once And Future King, T. H. White', 10, 10);
INSERT INTO PRODUCT (name, quantity, price) VALUES ('The Very Hungry Caterpillar, Eric Carle', 10, 10);
INSERT INTO PRODUCT (name, quantity, price) VALUES ('Flowers In The Attic, Virginia Andrews ', 10, 10);